"ID","SITE_ID","latitude","longitude","StartYr","EndYr","species","speciesCategory","equipment","SST","SST_StdDev","BATHY"
1,"AJAG116",43.755,-70.1544,2016,2016,"Alaria Kelp (Alaria esculenta);Horsetail Kelp (Laminaria digitata);Sugar Kelp (Laminaria saccharina)","SeaVeg","marine algae",16.54,11.08,-4.92
2,"AJAG216",43.75528,-70.1539,2016,2016,"Alaria Kelp (Alaria esculenta);Horsetail Kelp (Laminaria digitata);Sugar Kelp (Laminaria saccharina)","SeaVeg","marine algae",16.61,11.2,-4.54
3,"AJAG316",43.75667,-70.1656,2016,2017,"Alaria Kelp (Alaria esculenta);Horsetail Kelp (Laminaria digitata);Sugar Kelp (Laminaria saccharina)","SeaVeg","marine algae",15.5,9.64,-6.54
4,"AJAG416",43.7575,-70.1694,2016,2017,"Alaria Kelp (Alaria esculenta);Horsetail Kelp (Laminaria digitata);Sugar Kelp (Laminaria saccharina)","SeaVeg","marine algae",15.52,9.69,-6.67
5,"AMOE116",43.78861,-70.1247,2016,2017,"American/Eastern Oyster (Crassostrea virginica);Green Sea Urchin (S. droebachiensis)","ShellFish, Urchin","shellfish tray racks and overwintering cages; and soft bags, semi rigid bags, and/floating trays",13.93,8.22,-0.26
6,"AMOE216",43.78833,-70.1247,2016,2017,"American/Eastern Oyster (Crassostrea virginica);Green Sea Urchin (S. droebachiensis)","ShellFish, Urchin","shellfish tray racks and overwintering cages; and soft bags, semi rigid bags, and/floating trays",13.91,8.22,-0.31
7,"AND04",44.02529,-69.5402,2004,2017,"American/Eastern Oyster (Crassostrea virginica)","ShellFish","Floating ADPI bags & trays",16.04,8.54,-0.44
8,"ANDR214",43.86722,-69.5673,2014,2017,"American/Eastern Oyster (Crassostrea virginica)","ShellFish","Soft mesh bags",11.69,5.61,-6.88
9,"ANDR316",43.87028,-69.56659,2016,2017,"American/Eastern Oyster (Crassostrea virginica)","ShellFish","soft bags",14.3,6.61,-1.17
10,"ASMI116",44.24824,-68.25385,2016,2017,"American/Eastern Oyster (Crassostrea virginica);Sea Scallop (Placopecten magellanicus)","ShellFish","shellfish trays racks and over wintering cages; soft bags, semi rigid bags, and or floating trays",16.48,NA,-1.55
11,"ASTG116",43.826276,-70.011469,2016,2017,"Alaria Kelp (Alaria esculenta);American/Eastern Oyster (Crassostrea virginica);Dulse (P. palmata);Sugar Kelp (Laminaria saccharina)","ShellFish, SeaVeg","HDPE mesh bags, OysterGro floating cages, macroalgae longline gear",13.76,9.72,-4.54
12,"ATW113",43.98115,-69.0755,2013,2013,"American/Eastern Oyster (Crassostrea virginica);Sea Scallop (Placopecten magellanicus);Soft-shelled Clam (Mya arenaria)","ShellFish","Oyster cages",18.99,4.38,-1.19
13,"ATW215",43.98116,-69.0755,2015,2015,"American/Eastern Oyster (Crassostrea virginica);Blue Mussels (Mytilus edulis);Sea Scallop (Placopecten magellanicus)","ShellFish","Shellfish tray racks and over wintering cages",11.98,5.08,-1.19
14,"ATW315",43.98153,-69.0756,2015,2017,"American/Eastern Oyster (Crassostrea virginica);Blue Mussels (Mytilus edulis);Sea Scallop (Placopecten magellanicus)","ShellFish","Shellfish tray racks, soft bags, and moorings, SARE scallop ear-hanging gear",13.33,5.71,-1.58
15,"ATW415",43.98167,-69.0754,2015,2017,"American/Eastern Oyster (Crassostrea virginica);Blue Mussels (Mytilus edulis);Sea Scallop (Placopecten magellanicus)","ShellFish","Shellfish tray racks, soft bags, and moorings",13.01,5.56,-2.64
16,"BARK115",44.04475,-69.5131,2015,2017,"Sugar Kelp (Laminaria saccharina)","SeaVeg","Marine Algae Gear and Moorings",16.43,9.67,NA
17,"BARK215",43.92958,-69.5739,2015,2017,"Sugar Kelp (Laminaria saccharina)","SeaVeg","Marine algae gear and moorings",13.65,6.46,-10.03
18,"BARK315",43.92964,-69.5739,2015,2017,"Sugar Kelp (Laminaria saccharina)","SeaVeg","Marine algae gear and moorings",13.65,6.78,-9.78
19,"BEE108",43.74822,-70.0413,2008,2017,"American/Eastern Oyster (Crassostrea virginica)","ShellFish","Shellfish raft, soft bags, 3 5gal.buckets, floating trays, & overwintering cages",14.1,6.48,-1.78
20,"BEE208",43.74781,-70.0341,2008,2017,"American/Eastern Oyster (Crassostrea virginica)","ShellFish","Two 12' x 8' shellfish rafts with 8 lobster trap cages suspended beneath",11.74,5.91,-0.58
21,"BEE309",43.74773,-70.0343,2009,2017,"American/Eastern Oyster (Crassostrea virginica)","ShellFish","Overwintering cages and floating shellfish bags",11.74,5.91,-0.3
22,"BEE409",43.74763,-70.0344,2009,2017,"American/Eastern Oyster (Crassostrea virginica)","ShellFish","Floating shellfish bags and overwintering cages",11.74,5.91,-0.29
23,"BMCK115",43.75876,-70.191,2015,2017,"American/Eastern Oyster (Crassostrea virginica)","ShellFish","Soft mesh bags and moorings",14.54,7.89,-0.67
24,"BMRC115",43.82873,-70.0161,2015,2017,"American/Eastern Oyster (Crassostrea virginica)","ShellFish","Soft mesh bags and moorings",12.16,8.37,NA
25,"BMRC215",43.82835,-70.0157,2015,2017,"American/Eastern Oyster (Crassostrea virginica)","ShellFish","Soft mesh bags, shellfish tray racks, and moorings",15.99,8.91,-1.54
26,"BOL110",43.84095,-69.7332,2010,2017,"American/Eastern Oyster (Crassostrea virginica)","ShellFish","Oyster cages, floating & overwintered on bottom",14.25,6.71,-1.37
27,"BOL212",43.83556,-69.7353,2012,2014,"American/Eastern Oyster (Crassostrea virginica);European Oyster (Ostrea edulis)","ShellFish","Floating cages or shellfish raft with floating cages",14.69,6.73,-1.2
28,"BOL312",43.82917,-69.7425,2012,2017,"American/Eastern Oyster (Crassostrea virginica);European Oyster (Ostrea edulis)","ShellFish","Floating cages or shellfish raft with floating cages",13.9,6.62,-0.59
29,"BOL412",43.83833,-69.7383,2012,2017,"American/Eastern Oyster (Crassostrea virginica);European Oyster (Ostrea edulis)","ShellFish","Floating cages or shellfish raft with floating cages",14.31,6.58,-1.08
30,"BPAR116",44.04694,-69.5173,2016,2017,"American/Eastern Oyster (Crassostrea virginica)","ShellFish","soft bags, semi rigid bags, and/or floating trays",16.82,11.96,-0.1
31,"BPAR216",44.04728,-69.5168,2016,2017,"American/Eastern Oyster (Crassostrea virginica)","ShellFish","shellfish tray racks and over wintering cages; soft bags, semi rigid bags, and/or floating trays",16.62,11.76,NA
32,"BREW112",44.13794,-68.6663,2012,2017,"Sea Scallop (Placopecten magellanicus)","ShellFish","Shellfish trays, bags, and cages all on bottom",13.85,5.42,-2.44
33,"BREW215",44.2725,-68.7181,2015,2016,"Sea Scallop (Placopecten magellanicus)","ShellFish","Scallop spat collector bags, shellfish tray racks, and moorings",16.45,NA,-13.03
34,"BSEW115",43.73019,-69.8683,2015,2016,"Sugar Kelp (Laminaria saccharina)","SeaVeg","Marine algae gear and moorings",12.67,5.97,-7.49
35,"BSEW215",43.73134,-69.867,2015,2016,"Sugar Kelp (Laminaria saccharina)","SeaVeg","Marine algae gear and moorings",12.74,6.06,-11.45
36,"BSEW315",43.73246,-69.8662,2015,2016,"Sugar Kelp (Laminaria saccharina)","SeaVeg","Marine algae gear and moorings",11.86,5.77,-8.49
37,"BSEW415",43.73374,-69.8662,2015,2016,"Sugar Kelp (Laminaria saccharina)","SeaVeg","Marine algae gear and moorings",12.81,6.11,-4.33
38,"BUTT114",43.78056,-70.1106,2014,2017,"American/Eastern Oyster (Crassostrea virginica);Sea Scallop (Placopecten magellanicus)","ShellFish","Tray racks and soft mesh bags",13.28,7.01,-1.37
39,"BUTT214",43.78194,-70.1072,2014,2017,"American/Eastern Oyster (Crassostrea virginica);Sea Scallop (Placopecten magellanicus)","ShellFish","Tray racks and soft mesh bags",13.18,6.92,-0.35
40,"BUTT314",43.77944,-70.1067,2014,2017,"American/Eastern Oyster (Crassostrea virginica);Sea Scallop (Placopecten magellanicus)","ShellFish","Tray racks and soft mesh bags",12.74,6.89,-1.45
41,"BUTT414",43.7775,-70.1008,2014,2017,"American/Eastern Oyster (Crassostrea virginica);Sea Scallop (Placopecten magellanicus)","ShellFish","Tray racks and soft mesh bags",12.73,6.52,-4.83
42,"CAR412",43.54518,-70.334,2012,2017,"American/Eastern Oyster (Crassostrea virginica)","ShellFish","Upweller",18.51,16.74,-0.1
43,"CART114",44.2689,-68.9396,2014,2017,"American/Eastern Oyster (Crassostrea virginica)","ShellFish","Soft mesh bags",22.53,NA,-0.12
44,"CART215",44.29478,-68.9987,2015,2017,"American/Eastern Oyster (Crassostrea virginica)","ShellFish","Soft mesh bags and moorings",18.48,NA,-2.48
45,"CART316",44.27114,-68.94,2016,2017,"American/Eastern Oyster (Crassostrea virginica)","ShellFish","shellfish tray racks and overwintering cages; soft bags, semi rigid bags, and/or floating trays",18.77,NA,-0.96
46,"CART416",44.27114,-68.9405,2016,2017,"American/Eastern Oyster (Crassostrea virginica)","ShellFish","shellfish tray racks and overwintering cages; soft bags, semi rigid bags, and/or floating trays",18.86,NA,-0.99
47,"CGRE116",43.85263,-70.008,2016,2017,"Bay Scallop (Aequipecten irradians);Blue Mussels (Mytilus edulis);Hard Clam/Quahog (Mercenaria mercenaria);Soft-shelled Clam (Mya arenaria)","ShellFish","shellfish tray racks and over wintering cages; soft bags, semi rigid bags, and/or floating trays",13.88,10.81,-0.37
48,"CGRE216",43.85266,-70.008,2016,2017,"Bay Scallop (Aequipecten irradians);Blue Mussels (Mytilus edulis);Hard Clam/Quahog (Mercenaria mercenaria);Soft-shelled Clam (Mya arenaria)","ShellFish","shellfish tray racks and over wintering cages; soft bags, semi rigid bags, and/or floating trays",13.88,10.81,-0.37
49,"CGRE316",43.85269,-70.0079,2016,2017,"Bay Scallop (Aequipecten irradians);Blue Mussels (Mytilus edulis);Hard Clam/Quahog (Mercenaria mercenaria);Soft-shelled Clam (Mya arenaria)","ShellFish","shellfish tray racks and over wintering cages; soft bags, semi rigid bags, and/or floating trays",13.88,10.81,-0.36
50,"CHE308",43.90978,-69.5337,2008,2016,"American/Eastern Oyster (Crassostrea virginica);Hard Clam/Quahog (Mercenaria mercenaria);Soft-shelled Clam (Mya arenaria)","ShellFish","25 oyster cages",15.09,7.42,-0.12
51,"CNEW116",44.43337,-68.3491,2016,2017,"Blue Mussels (Mytilus edulis)","ShellFish","mussel longline system",17.74,NA,-5.84
52,"CNEW216",44.43409,-68.349,2016,2017,"Blue Mussels (Mytilus edulis)","ShellFish","mussel longline system",17.65,NA,-8.52
53,"CNIV116",43.83032,-70.02494722,2016,2017,"American/Eastern Oyster (Crassostrea virginica);Blue Mussels (Mytilus edulis)","ShellFish","shellfish tray racks and over wintering cages, soft bags, semi rigid bags, and/or floating trays",13.55,9.96,-3.37
54,"CNIV216",43.83039,-70.025025,2016,2017,"American/Eastern Oyster (Crassostrea virginica);Blue Mussels (Mytilus edulis)","ShellFish","shellfish tray racks and over wintering cages, soft bags, semi rigid bags, and/or floating trays",13.55,9.96,-3.75
55,"CNIV316",43.83054,-70.02486472,2016,2017,"American/Eastern Oyster (Crassostrea virginica);Blue Mussels (Mytilus edulis)","ShellFish","shellfish tray racks and over wintering cages, soft bags, semi rigid bags, and/or floating trays",13.55,9.96,-3.53
56,"CNIV416",43.83061,-70.0249444,2016,2017,"American/Eastern Oyster (Crassostrea virginica);Blue Mussels (Mytilus edulis)","ShellFish","shellfish tray racks and over wintering cages, soft bags, semi rigid bags, and/or floating trays",13.56,9.98,-3.77
57,"CRO112",44.49295,-68.2073,2012,2017,"American/Eastern Oyster (Crassostrea virginica)","ShellFish","Oyster cages and mesh bags",12.09,6.72,-1.33
58,"CRO212",44.49123,-68.207,2012,2017,"American/Eastern Oyster (Crassostrea virginica)","ShellFish","Oyster cages and mesh bags",11.95,6.49,-1.85
59,"CRO312",44.49087,-68.2046,2012,2017,"American/Eastern Oyster (Crassostrea virginica)","ShellFish","Oyster cages and mesh bags",12.31,6.77,-1.09
60,"CROM114",43.90492,-69.7132,2014,2014,"American/Eastern Oyster (Crassostrea virginica);Hard Clam/Quahog (Mercenaria mercenaria)","ShellFish","Tray racks and overwintering cages, soft bags.",13.09,9.55,-0.1
61,"CROM214",43.90467,-69.7133,2014,2014,"American/Eastern Oyster (Crassostrea virginica);Hard Clam/Quahog (Mercenaria mercenaria)","ShellFish","Tray racks and overwintering cages, soft bags.",12.5,8.87,-0.1
62,"CROM314",43.90467,-69.7135,2014,2014,"American/Eastern Oyster (Crassostrea virginica);Hard Clam/Quahog (Mercenaria mercenaria)","ShellFish","Tray racks and overwintering cages, soft bags.",12.5,8.87,-0.1
63,"CROM414",43.90492,-69.7135,2014,2014,"American/Eastern Oyster (Crassostrea virginica);Hard Clam/Quahog (Mercenaria mercenaria)","ShellFish","Tray racks and overwintering cages, soft bags.",12.67,8.95,-0.1
64,"CUND116",43.73162,-69.9341,2016,2016,"Sugar Kelp (Laminaria saccharina)","SeaVeg","marine algae",10.86,7.11,-10.64
65,"CUND216",43.73099,-69.9337,2016,2016,"Sugar Kelp (Laminaria saccharina)","SeaVeg","marine algae",10.89,7.14,-11.26
66,"CUND316",43.72972,-69.9331,2016,2016,"Sugar Kelp (Laminaria saccharina)","SeaVeg","marine algae",12.77,7.55,-14.12
67,"CUND416",43.72903,-69.9329,2016,2016,"Sugar Kelp (Laminaria saccharina)","SeaVeg","marine algae",10.9,7.22,-14.73
68,"CYEN112",43.85747,-69.6642,2012,2017,"American/Eastern Oyster (Crassostrea virginica)","ShellFish","Tray racks, oyster cages, floating trays & bags, and moorings",14.46,7.25,-2.31
69,"DDEV116",43.82768,-70.0079,2016,2017,"American/Eastern Oyster (Crassostrea virginica)","ShellFish","Sellfish tray racks and over wintering cages. Soft bags, semirigid bags, and/or overwintering cages.",14.19,10.21,-1.91
70,"DDEV216",43.82777,-70.0079,2016,2017,"American/Eastern Oyster (Crassostrea virginica)","ShellFish","Sellfish tray racks and over wintering cages. Soft bags, semirigid bags, and/or overwintering cages.",14.04,10.06,-2.46
71,"DDEV316",43.83035,-70.003,2016,2017,"American/Eastern Oyster (Crassostrea virginica)","ShellFish","Sellfish tray racks and over wintering cages. Soft bags, semirigid bags, and/or overwintering cages.",13.91,10.17,-2.61
72,"DDEV416",43.83024,-70.0032,2016,2017,"American/Eastern Oyster (Crassostrea virginica)","ShellFish","Sellfish tray racks and over wintering cages. Soft bags, semirigid bags, and/or overwintering cages.",14.55,9.2,-2.57
73,"DEN113",44.39674,-68.4303,2013,2017,"American/Eastern Oyster (Crassostrea virginica);Blue Mussels (Mytilus edulis)","ShellFish","Floating bags, overwintering cages",13.5,8.45,-1.02
74,"DESA114",44.04039,-69.1187,2014,2017,"American/Eastern Oyster (Crassostrea virginica)","ShellFish","Oyster bags",10.38,5.57,-1.2
75,"DESA216",44.04039,-69.1187,2016,2017,"American/Eastern Oyster (Crassostrea virginica)","ShellFish","soft bags, semi rigid bags, and/or floating trays",20.66,NA,-1.2
76,"DLEA211",44.39453,-68.7049,2011,2017,"American/Eastern Oyster (Crassostrea virginica);Hard Clam/Quahog (Mercenaria mercenaria);Sea Scallop (Placopecten magellanicus);Soft-shelled Clam (Mya arenaria)","ShellFish","Upweller, raft, tray racks, floating bags",23.95,NA,NA
77,"DLEA412",44.38632,-68.6778,2012,2017,"American/Eastern Oyster (Crassostrea virginica);Hard Clam/Quahog (Mercenaria mercenaria);Sea Scallop (Placopecten magellanicus);Soft-shelled Clam (Mya arenaria)","ShellFish","Shellfish bags",23.4,NA,NA
78,"DNIV116",43.82693,-70.0254,2016,2017,"American/Eastern Oyster (Crassostrea virginica);Blue Mussels (Mytilus edulis)","ShellFish","shellfish tray racks and over wintering cages, soft bags, semi rigid bags, and/or floating trays",15.1,9.67,-1.34
79,"DNIV216",43.827272,-70.026261,2016,2017,"American/Eastern Oyster (Crassostrea virginica);Blue Mussels (Mytilus edulis)","ShellFish","shellfish tray racks and over wintering cages, soft bags, semi rigid bags, and/or floating trays",13.64,9.98,-2.82
80,"DNIV316",43.82722,-70.0264,2016,2017,"American/Eastern Oyster (Crassostrea virginica);Blue Mussels (Mytilus edulis)","ShellFish","shellfish tray racks and over wintering cages, soft bags, semi rigid bags, and/or floating trays",13.64,9.98,-2.95
81,"DNIV416",43.82734,-70.02651667,2016,2017,"American/Eastern Oyster (Crassostrea virginica);Blue Mussels (Mytilus edulis)","ShellFish","shellfish tray racks and over wintering cages, soft bags, semi rigid bags, and/or floating trays",13.48,9.8,-3.38
82,"EBLA115",44.24785,-68.5665,2015,2015,"American/Eastern Oyster (Crassostrea virginica)","ShellFish","Soft bags, shellfish tray racks, and moorings",12.45,8.15,-0.1
83,"ELOV116",43.68948,-70.1687,2016,2017,"Sugar Kelp (Laminaria saccharina)","SeaVeg","Marine Algae",1.83,NA,-3.57
84,"EML08",44.34753,-68.4095,2008,2017,"American/Eastern Oyster (Crassostrea virginica)","ShellFish","Soft bags and overwintering cages/tray racks",12.91,9.52,NA
85,"FARM114",44.0351,-69.6056,2014,2017,"American/Eastern Oyster (Crassostrea virginica)","ShellFish","Bottom cages/crates",12.64,8.65,-1.55
86,"FAUX114",44.0457,-69.5188,2014,2017,"American/Eastern Oyster (Crassostrea virginica)","ShellFish","Tray racks and soft mesh bags",11.8,9.06,-0.1
87,"FAUX214",44.04572,-69.5188,2014,2017,"American/Eastern Oyster (Crassostrea virginica)","ShellFish","Tray racks and soft mesh bags",11.8,9.06,-0.1
88,"FORT115",44.39694,-68.4972,2015,2016,"Sugar Kelp (Laminaria saccharina)","SeaVeg","Marine algae gear (submerged longlines) and moorings.",14.77,7.67,-24.06
89,"FRAN114",43.87183,-69.8912,2014,2014,"American/Eastern Oyster (Crassostrea virginica)","ShellFish","Soft bags, overwintering cages",11.17,7.1,-3.79
90,"FRAN214",43.87167,-69.8912,2014,2014,"American/Eastern Oyster (Crassostrea virginica)","ShellFish","Soft bags, overwintering cages",11.17,7.1,-3.76
91,"GELA115",43.8261,-70.0109,2015,2017,"American/Eastern Oyster (Crassostrea virginica)","ShellFish","Soft mesh bags/baskets and moorings",13.42,7.64,-3.08
92,"GER113",44.4148,-68.3663,2013,2017,"American/Eastern Oyster (Crassostrea virginica);Hard Clam/Quahog (Mercenaria mercenaria)","ShellFish","tray racks, cages, bags and trays",15.38,9.77,-0.22
93,"GER213",44.41475,-68.3664,2013,2017,"American/Eastern Oyster (Crassostrea virginica);Hard Clam/Quahog (Mercenaria mercenaria)","ShellFish","tray racks, cages, bags and trays",15.38,9.77,-0.23
94,"GER513",44.41433,-68.3676,2013,2014,"American/Eastern Oyster (Crassostrea virginica);Hard Clam/Quahog (Mercenaria mercenaria)","ShellFish","Overwintering cages, tray racks and soft bags",13.35,7.68,-1.05
95,"GER613",44.41433,-68.3677,2013,2013,"American/Eastern Oyster (Crassostrea virginica);Hard Clam/Quahog (Mercenaria mercenaria)","ShellFish","Overwintering cages, tray racks and soft bags",19.99,NA,-1.11
96,"GETC115",43.85885,-69.6702,2015,2017,"American/Eastern Oyster (Crassostrea virginica)","ShellFish","Tray Racks and soft mesh bags",12.61,7.45,-4.26
97,"GLAD215",43.98527,-69.5579,2015,2017,"American/Eastern Oyster (Crassostrea virginica)","ShellFish","Shellfish tray racks, soft bags, and moorings.",14.42,7.79,-3.54
98,"GLAD315",43.98517,-69.5579,2015,2017,"American/Eastern Oyster (Crassostrea virginica)","ShellFish","Shellfish tray racks, soft bags, and moorings.",14.42,7.79,-3.74
99,"GOT414",43.35972,-70.4352,2014,2017,"American/Eastern Oyster (Crassostrea virginica)","ShellFish","Shellfish tray racks, soft bags, and moorings,",7.59,4.66,-0.48
100,"GRAY113",44.43889,-68.485,2013,2013,"Sea Scallop (Placopecten magellanicus)","ShellFish","Tray racks/cages",19.25,NA,-3.23
101,"GRE105",43.73217,-70.1663,2005,2017,"American/Eastern Oyster (Crassostrea virginica);Sea Scallop (Placopecten magellanicus)","ShellFish","Shellfish raft, tray racks/overwintering cages, shellfish bags & trays",14.49,6.48,-6.03
102,"GRE310",43.73489,-70.165,2010,2017,"American/Eastern Oyster (Crassostrea virginica);Sea Scallop (Placopecten magellanicus)","ShellFish","Bags & trays, tray racks/overwintering cages",15.34,7.42,-0.82
103,"GRI107",43.98421,-69.5632,2007,2017,"American/Eastern Oyster (Crassostrea virginica)","ShellFish","Floating trays; over wintering cages, & soft bags",15.35,7.57,-1.77
104,"GSTE116",44.00191,-69.5386,2016,2017,"American/Eastern Oyster (Crassostrea virginica)","ShellFish","shellfish tray racks and over wintering cages",15.83,9.65,-2.93
105,"GSTE216",44.00137,-69.5387,2016,2017,"American/Eastern Oyster (Crassostrea virginica)","ShellFish","shellfish tray racks and over wintering cages",15.84,9.66,-3.03
106,"GSTE316",44.00108,-69.5387,2016,2017,"American/Eastern Oyster (Crassostrea virginica)","ShellFish","shellfish tray racks and over wintering cages",15.82,9.63,-3
107,"GSTE416",44.0007,-69.5389,2016,2017,"American/Eastern Oyster (Crassostrea virginica)","ShellFish","shellfish tray racks and over wintering cages",15.79,9.63,-3.02
108,"HAM108",44.0388,-69.1192,2008,2015,"American/Eastern Oyster (Crassostrea virginica)","ShellFish","Shellfish raft (one LPA for each half), tray racks & shellfish bags & trays",13.46,7,-1.47
109,"HAM208",44.0388,-69.1192,2008,2015,"American/Eastern Oyster (Crassostrea virginica)","ShellFish","Shellfish raft (one LPA for each half), tray racks & shellfish bags & trays",13.46,7,-1.47
110,"HAM311",44.03838,-69.1192,2011,2017,"American/Eastern Oyster (Crassostrea virginica)","ShellFish","Bags, trays, tray racks, overwintering cages",7.5,5.51,-1.22
111,"HAM413",44.05442,-69.1271,2013,2017,"American/Eastern Oyster (Crassostrea virginica)","ShellFish","Upweller",16.21,7.89,NA
112,"HAMI115",43.87698,-69.8963,2015,2017,"American/Eastern Oyster (Crassostrea virginica)","ShellFish","Soft mesh bags, tray racks, and moorings",13.23,8.43,-0.68
113,"HIG112",43.84832,-69.6321,2012,2017,"Sugar Kelp (Laminaria saccharina)","SeaVeg","Rope grid, 10 x 40",15.6,6.83,-3.71
114,"HIG212",43.85793,-69.6023,2012,2017,"Sugar Kelp (Laminaria saccharina)","SeaVeg","Rope grid, 10 x 40",15.26,6.65,-3.55
115,"HOR105",43.7838,-70.11,2005,2015,"American/Eastern Oyster (Crassostrea virginica)","ShellFish","ADPI bags (submerged)",14.8,6.88,-0.42
116,"HOR408",43.78512,-70.1085,2008,2015,"American/Eastern Oyster (Crassostrea virginica)","ShellFish","ADPI bags",14.62,6.87,-0.28
117,"HOR509",43.82147,-70.1052,2009,2017,"American/Eastern Oyster (Crassostrea virginica)","ShellFish","Upweller",3.4,4.71,-0.15
118,"HUNT115",43.81766,-69.9105,2015,2017,"American/Eastern Oyster (Crassostrea virginica)","ShellFish","Soft mesh bags",10.92,7.8,-3.47
119,"HUNT215",43.81619,-69.9079,2015,2017,"American/Eastern Oyster (Crassostrea virginica)","ShellFish","Soft mesh bags",13.93,8.45,-1.18
120,"JAM309",43.94739,-69.7111,2009,2017,"Hard Clam/Quahog (Mercenaria mercenaria);Soft-shelled Clam (Mya arenaria)","ShellFish","Upweller",16.3,10.03,NA
121,"JFOG115",44.43112,-68.3516,2015,2017,"American/Eastern Oyster (Crassostrea virginica)","ShellFish","Shellfish tray racks, soft mesh bags, and moorings.",16.72,5.8,-3.04
122,"JFOG315",44.42927,-68.3461,2015,2017,"American/Eastern Oyster (Crassostrea virginica)","ShellFish","Shellfish tray racks, soft mesh bags, and moorings.",16.88,5.88,-2.31
123,"JFOG415",44.42765,-68.3445,2015,2017,"American/Eastern Oyster (Crassostrea virginica)","ShellFish","Shellfish tray racks, soft mesh bags, and moorings.",16.82,6.07,-1.84
124,"JFOG516",44.43737,-68.3394,2016,2017,"American/Eastern Oyster (Crassostrea virginica)","ShellFish","shellfish tray racks and over wintering cages; soft bags, semi rigid bags, and/or floating trays",17.88,NA,-1.75
125,"JGRA116",44.24615,-68.25373,2016,2017,"American/Eastern Oyster (Crassostrea virginica);European Oyster (Ostrea edulis)","ShellFish","shellfish tray racks, overwintering cages, soft bags, semi rigid bags, floating trays",16.8,NA,-0.73
126,"JGRA216",44.24933,-68.25398,2016,2017,"American/Eastern Oyster (Crassostrea virginica);European Oyster (Ostrea edulis)","ShellFish","shellfish tray racks, overwintering cages, soft bags, semi rigid bags, floating trays",18.11,NA,-0.46
127,"JHER116",43.7301,-69.8463,2016,2017,"American/Eastern Oyster (Crassostrea virginica);European Oyster (Ostrea edulis)","ShellFish","bottom culture, shellfish trays racks and over wintering cages, soft bags, semi rigid bags, and/or floating trays",14.58,7.81,-1.06
128,"JOHN214",43.86129,-69.9046,2014,2014,"American/Eastern Oyster (Crassostrea virginica)","ShellFish","Soft mesh bags",11.47,7.01,-1.17
129,"JOHN314",43.86972,-69.8996,2014,2014,"American/Eastern Oyster (Crassostrea virginica)","ShellFish","Soft Mesh Bags",11.75,7,-0.5
130,"JOHN615",43.84333,-69.976,2015,2015,"American/Eastern Oyster (Crassostrea virginica)","ShellFish","Shellfish raft, soft bags, and moorings",12.63,6.14,-2.54
131,"JOHN715",43.813,-70.0144,2015,2017,"American/Eastern Oyster (Crassostrea virginica)","ShellFish","Shellfish raft, soft bags, and moorings",14.18,7.84,-2.77
132,"JPOW116",43.77065,-69.996,2016,2017,"Hard Clam/Quahog (Mercenaria mercenaria);Soft-shelled Clam (Mya arenaria)","ShellFish","upweller, shellfish tray racks and over wintering cages",13.08,8.67,-2.4
133,"JPUT116",43.72167,-70.1122,2016,2017,"American/Eastern Oyster (Crassostrea virginica)","ShellFish","Soft bags, semi rigid bags, and/or floating trays",13.7,9.76,-0.82
134,"JPUT216",43.717958,-70.12995,2016,2017,"American/Eastern Oyster (Crassostrea virginica)","ShellFish","shellfish tray racks and overwintering cages, soft bags, semi rigid bags, and/or floating trays",13.15,9.06,-4.91
135,"JSMI116",43.83917,-69.6758,2016,2017,"American/Eastern Oyster (Crassostrea virginica)","ShellFish","anchorages or moorings; Shellfish rafts, associated predator nets and spat collectors; shellfish tray racks and over wintering cages",12.68,5.65,-7.65
136,"JWAL115",44.43758,-68.3411,2015,2017,"American/Eastern Oyster (Crassostrea virginica)","ShellFish","Shellfish tray racks, soft mesh bags, and moorings.",16.54,5.3,-2.02
137,"JWAL215",44.43423,-68.348,2015,2017,"American/Eastern Oyster (Crassostrea virginica)","ShellFish","Shellfish tray racks, soft mesh bags, and moorings.",16.92,5.68,-4.63
138,"JWAL315",44.43283,-68.347,2015,2017,"American/Eastern Oyster (Crassostrea virginica)","ShellFish","Shellfish tray racks, soft mesh bags, and moorings.",17.08,5.73,-1.43
139,"JWAL415",44.43237,-68.3488,2015,2017,"American/Eastern Oyster (Crassostrea virginica)","ShellFish","Shellfish tray racks, soft mesh bags, and moorings.",16.88,5.77,-3.39
140,"JYOU114",44.40863,-67.971,2014,2017,"American/Eastern Oyster (Crassostrea virginica)","ShellFish","Soft Mesh Bags",14.57,8.21,NA
141,"JYOU215",44.40841,-67.9711,2015,2017,"American/Eastern Oyster (Crassostrea virginica)","ShellFish","Shellfish tray racks, soft mesh bags, and moorings",14.56,8.53,NA
142,"KCOO116",44.11091,-68.8605,2016,2017,"Sugar Kelp (Laminaria saccharina)","SeaVeg","marine algae (no rafts)",20.69,NA,-2.93
143,"KCOO216",44.11054,-68.8603,2016,2017,"Sugar Kelp (Laminaria saccharina)","SeaVeg","marine algae (no rafts)",20.61,NA,-3.02
144,"KCOO316",44.11017,-68.8601,2016,2017,"Sugar Kelp (Laminaria saccharina)","SeaVeg","marine algae (no rafts)",19.89,NA,-5.3
145,"KON213",43.99723,-69.3606,2013,2016,"American/Eastern Oyster (Crassostrea virginica)","ShellFish","Tray racks and soft bags",13.72,7.22,-4.02
146,"KRAM113",43.86667,-69.8744,2013,2017,"American/Eastern Oyster (Crassostrea virginica);Hard Clam/Quahog (Mercenaria mercenaria);Sugar Kelp (Laminaria saccharina)","ShellFish, SeaVeg","soft bags in floating oyster cages (convert to sinking cages for overwintering); marine algae gear ƒ?? submerged lines for growout of algae",14.83,7.43,-2.06
147,"KRAM213",43.86501,-69.8741,2013,2017,"American/Eastern Oyster (Crassostrea virginica);Hard Clam/Quahog (Mercenaria mercenaria);Sugar Kelp (Laminaria saccharina)","ShellFish, SeaVeg","soft bags in floating oyster cages (convert to sinking cages for overwintering); marine algae gear ƒ?? submerged lines for growout of algae",14.98,7.76,-1.68
148,"LEW109",43.93271,-69.6517,2009,2017,"American/Eastern Oyster (Crassostrea virginica);Blue Mussels (Mytilus edulis)","ShellFish","Soft bags, floating trays, mussel spat collectors/growout lines",13.72,7.14,-0.1
149,"LGRA116",44.25318,-68.24725,2016,2017,"American/Eastern Oyster (Crassostrea virginica);European Oyster (Ostrea edulis)","ShellFish","shellfish tray racks, overwintering cages, soft bags, semi rigid bags, floating trays",15,NA,-3.43
150,"LGRA216",44.25436,-68.24773,2016,2017,"American/Eastern Oyster (Crassostrea virginica);European Oyster (Ostrea edulis)","ShellFish","shellfish tray racks, overwintering cages, soft bags, semi rigid bags, floating trays",15.05,NA,-3.93
151,"LGRA316",44.25587,-68.24835,2016,2017,"American/Eastern Oyster (Crassostrea virginica);European Oyster (Ostrea edulis)","ShellFish","shellfish tray racks, overwintering cages, soft bags, semi rigid bags, floating trays",14.9,NA,-4.03
152,"LGRA416",44.2573,-68.24769,2016,2017,"American/Eastern Oyster (Crassostrea virginica);European Oyster (Ostrea edulis)","ShellFish","shellfish tray racks, overwintering cages, soft bags, semi rigid bags, floating trays",14.72,NA,-5.77
153,"LMAR116",43.86917,-69.8935,2016,2017,"American/Eastern Oyster (Crassostrea virginica)","ShellFish","shellfish tray racks and over wintering cages; soft bags, semi rigid bags, and/or floating trays",13.73,9.27,-3.01
154,"LMAR216",43.87266,-69.8924,2016,2017,"American/Eastern Oyster (Crassostrea virginica)","ShellFish","shellfish tray racks and over wintering cages; soft bags, semi rigid bags, and/or floating trays",12.8,10.56,-1.25
155,"LMAR316",43.87266,-69.8923,2016,2017,"American/Eastern Oyster (Crassostrea virginica)","ShellFish","shellfish tray racks and over wintering cages; soft bags, semi rigid bags, and/or floating trays",12.8,10.56,-1.5
156,"LMAR416",43.86917,-69.8936,2016,2017,"American/Eastern Oyster (Crassostrea virginica)","ShellFish","shellfish tray racks and over wintering cages; soft bags, semi rigid bags, and/or floating trays",13.7,9.25,-2.87
157,"LOVE115",43.73117,-69.8733,2015,2016,"Sugar Kelp (Laminaria saccharina)","SeaVeg","Marine Algae Gear and Moorings",12.23,5.9,-8.38
158,"LOVE215",43.73035,-69.8727,2015,2016,"Sugar Kelp (Laminaria saccharina)","SeaVeg","Marine Algae Gear and Moorings",12.33,5.94,-7.97
159,"LOVE315",43.7332,-69.874,2015,2016,"Sugar Kelp (Laminaria saccharina)","SeaVeg","Marine Algae Gear and Moorings",11.33,5.57,-15.71
160,"LOVE415",43.73568,-69.8729,2015,2016,"Sugar Kelp (Laminaria saccharina)","SeaVeg","Marine Algae Gear and Moorings",12.33,5.99,-14.71
161,"LSMI115",43.83138,-69.9297,2015,2017,"American/Eastern Oyster (Crassostrea virginica)","ShellFish","Tray racks, soft mesh bags, and moorings",13.84,8.24,-0.88
162,"LSMI215",43.83153,-69.9296,2015,2015,"American/Eastern Oyster (Crassostrea virginica)","ShellFish","Tray racks, soft mesh bags, and moorings",13.3,7.1,-1.01
163,"LSMI316",43.8315,-69.9297,2016,2017,"American/Eastern Oyster (Crassostrea virginica)","ShellFish","shellfish tray racks and overwintering cages; soft bags, semi rigid bags, floating trays",14.46,10.08,-0.87
164,"LSMI416",43.83266,-69.9293,2016,2017,"American/Eastern Oyster (Crassostrea virginica)","ShellFish","shellfish tray racks and overwintering cages; soft bags, semi rigid bags, floating trays",14.4,10,-1.28
165,"LSMI516",43.83265,-69.9292,2016,2017,"American/Eastern Oyster (Crassostrea virginica)","ShellFish","shellfish tray racks and overwintering cages; soft bags, semi rigid bags, floating trays",14.4,10,-1.52
166,"LSTO116",43.73272,-70.1629,2016,2016,"Blue Mussels (Mytilus edulis)","ShellFish","shellfish spat collectors and long line collectors",15.35,8.82,-11.8
167,"MACK112",43.91031,-69.8698,2012,2017,"American/Eastern Oyster (Crassostrea virginica)","ShellFish","Upwellers (2)",0.62,2.08,-0.62
168,"MBEA116",44.44761,-68.3407,2016,2016,"Blue Mussels (Mytilus edulis)","ShellFish","collecting mussel seed on ropes",17.21,NA,-1.57
169,"MBEA216",44.44786,-68.3406,2016,2016,"Blue Mussels (Mytilus edulis)","ShellFish","collecting mussel seed on ropes",17.35,NA,-1.55
170,"MDAR116",43.731972,-70.156472,2016,2017,"Sea Scallop (Placopecten magellanicus)","ShellFish","Spat collection bags",15.23,8.78,-7.52
171,"MELA115",43.96924,-69.5665,2015,2017,"American/Eastern Oyster (Crassostrea virginica)","ShellFish","Soft mesh bags, tray racks, and moorings.",13.82,8.14,-2.13
172,"MELA215",43.96916,-69.5667,2015,2017,"American/Eastern Oyster (Crassostrea virginica)","ShellFish","Soft mesh bags, tray racks, and moorings.",14.13,7.76,-2.18
173,"MFIS116",43.81224,-69.9915,2016,2017,"American/Eastern Oyster (Crassostrea virginica)","ShellFish","shellfish tray racks and over wintering cages; soft bags, semi rigid bags, and or floating trays",13.53,9.55,-6.26
174,"MFOR115",44.42059,-68.4881,2015,2016,"Sugar Kelp (Laminaria saccharina)","SeaVeg","Marine algae gear (submerged longlines) and moorings.",15.41,8.4,-11.43
175,"MMCC416",44.006767,-69.164967,2016,2017,"American/Eastern Oyster (Crassostrea virginica)","ShellFish","shellfish tray racks and over wintering cages; soft bags, semi rigid bags, and or floating trays",9.65,16.26,NA
176,"MNEW116",43.9299,-69.5757,2016,2017,"Sugar Kelp (Laminaria saccharina)","SeaVeg","marine algae",15.06,9.14,-3.15
177,"MNEW216",43.92953,-69.5768,2016,2017,"Sugar Kelp (Laminaria saccharina)","SeaVeg","marine algae",15.09,9.16,-4.98
178,"MORS114",43.87081,-69.8985,2014,2017,"American/Eastern Oyster (Crassostrea virginica)","ShellFish","Floating trays and overwintering cages.",12.67,7.53,-0.77
179,"MORS216",43.87082,-69.8985,2016,2017,"American/Eastern Oyster (Crassostrea virginica);Bay Scallop (Aequipecten irradians);European Oyster (Ostrea edulis);Sea Scallop (Placopecten magellanicus)","ShellFish","Shellfish tray racks and over wintering cages; soft bags, semi rivgid bags, and/or floating trays",12.94,10.66,-0.77
180,"MOZE114",44.00675,-69.541,2014,2017,"American/Eastern Oyster (Crassostrea virginica);Bay Scallop (Aequipecten irradians);Sea Scallop (Placopecten magellanicus)","ShellFish","Shellfish tray racks and soft mesh bags.",13.5,8.05,-1.66
181,"MOZE214",44.00817,-69.5421,2014,2017,"American/Eastern Oyster (Crassostrea virginica);Bay Scallop (Aequipecten irradians);Sea Scallop (Placopecten magellanicus)","ShellFish","Shellfish tray racks and soft mesh bags.",13.52,7.95,-0.92
182,"MOZE314",44.00817,-69.5398,2014,2017,"American/Eastern Oyster (Crassostrea virginica);Bay Scallop (Aequipecten irradians);Sea Scallop (Placopecten magellanicus)","ShellFish","Shellfish tray racks and soft mesh bags.",13.53,7.93,-1.47
183,"MOZE414",44.00747,-69.541,2014,2017,"American/Eastern Oyster (Crassostrea virginica);Bay Scallop (Aequipecten irradians);Sea Scallop (Placopecten magellanicus)","ShellFish","Shellfish tray racks and soft mesh bags.",13.48,7.96,-1.18
184,"MSTE116",44.01455,-69.5485,2016,2017,"American/Eastern Oyster (Crassostrea virginica)","ShellFish","shellfish tray racks and over wintering cages",16.25,11.12,-0.5
185,"MSTE216",44.0144,-69.5479,2016,2017,"American/Eastern Oyster (Crassostrea virginica)","ShellFish","shellfish tray racks and over wintering cages",15.75,10.85,-1.49
186,"MSTE316",44.0139,-69.5486,2016,2017,"American/Eastern Oyster (Crassostrea virginica)","ShellFish","shellfish tray racks and over wintering cages",16.39,11.37,-0.66
187,"MSTE416",44.01378,-69.5482,2016,2017,"American/Eastern Oyster (Crassostrea virginica)","ShellFish","shellfish tray racks and over wintering cages",16.05,11.1,-1.03
188,"MWIL116",43.80189,-69.94885,2016,2017,"Alaria Kelp (Alaria esculenta);American/Eastern Oyster (Crassostrea virginica);Blue Mussels (Mytilus edulis);European Oyster (Ostrea edulis);Hard Clam/Quahog (Mercenaria mercenaria);Sea Scallop (Placopecten magellanicus);Undaria pinnatifida","ShellFish, SeaVeg","shellfish tray racks and overwintering cages; soft bags, semi rigid bags, and/or floating trays; scallop ear hangers; marine algae; bottom anti predator netting",12.74,8.95,-4.8
189,"NMAR115",43.83387,-69.8516,2015,2015,"American/Eastern Oyster (Crassostrea virginica)","ShellFish","Shellfish tray racks.",9.64,5.94,-0.49
190,"NMAR215",43.86916,-69.8933,2015,2017,"American/Eastern Oyster (Crassostrea virginica)","ShellFish","Shellfish tray racks, soft bags, and moorings",13.44,7.42,-3.3
191,"NMAR315",43.87619,-69.891,2015,2017,"American/Eastern Oyster (Crassostrea virginica)","ShellFish","Shellfish tray racks, soft bags, and moorings",13.18,8.29,-2.33
192,"NMAR415",43.87266,-69.8922,2015,2017,"American/Eastern Oyster (Crassostrea virginica)","ShellFish","Shellfish tray racks, soft bags, and moorings",13.08,7.93,-1.75
193,"NMAR516",43.86917,-69.8934,2016,2017,"American/Eastern Oyster (Crassostrea virginica)","ShellFish","shellfish tray racks and over wintering cages; soft bags, semi rigid bags, and/or floating trays",13.73,9.27,-3.11
194,"NOR107",44.42157,-68.7299,2007,2017,"American/Eastern Oyster (Crassostrea virginica)","ShellFish","Floating trays, overwintering cages, soft bags, tray racks",19.46,NA,-0.1
195,"PCHE314",43.90581,-69.5483,2014,2014,"Hard Clam/Quahog (Mercenaria mercenaria)","ShellFish","Tray racks/cages and marine algae gear.",11.3,6.81,NA
196,"PCHE414",43.9058,-69.5482,2014,2014,"Hard Clam/Quahog (Mercenaria mercenaria)","ShellFish","Tray racks/cages and marine algae gear.",11.3,6.81,NA
197,"PER107",43.77164,-70.184,2007,2017,"American/Eastern Oyster (Crassostrea virginica)","ShellFish","Tray racks (4)",15.45,7.76,-0.2
198,"PER209",43.5481,-70.3414,2009,2017,"American/Eastern Oyster (Crassostrea virginica)","ShellFish","Tray racks (5), floating bags (136)",15.23,8.21,NA
199,"PER516",43.56036,-70.2198,2016,2017,"American/Eastern Oyster (Crassostrea virginica);Sea Scallop (Placopecten magellanicus)","ShellFish","shellfish tray racks and overwintering cages; soft bags, semi rigid bags, and or floating trays",13.54,8.75,-2.76
200,"PETE112",43.91047,-69.8698,2012,2017,"American/Eastern Oyster (Crassostrea virginica)","ShellFish","Upwellers (2)",-0.47,NA,-0.62
201,"PGRA114",43.86463,-69.9028,2014,2015,"American/Eastern Oyster (Crassostrea virginica)","ShellFish","Soft Bags",12.28,6.38,-0.69
202,"PGRA116",43.86429,-69.9029,2016,2017,"American/Eastern Oyster (Crassostrea virginica)","ShellFish","soft bags, semi rigid bags, and/or floating trays",13.89,9.58,-0.82
203,"PGRA214",43.86463,-69.9031,2014,2015,"American/Eastern Oyster (Crassostrea virginica)","ShellFish","Soft Bags",12.28,6.38,-0.54
204,"PGRA216",43.86443,-69.9026,2016,2017,"American/Eastern Oyster (Crassostrea virginica)","ShellFish","soft bags, semi rigid bags, and/or floating trays",13.74,9.48,-1.05
205,"PGRA314",43.86463,-69.9033,2014,2015,"American/Eastern Oyster (Crassostrea virginica)","ShellFish","Soft Bags",12.6,6.61,-0.43
206,"PGRA316",43.86459,-69.9023,2016,2017,"American/Eastern Oyster (Crassostrea virginica)","ShellFish","soft bags, semi rigid bags, and/or floating trays",13.76,9.47,-0.87
207,"PGRA416",43.85261,-69.8837,2016,2016,"Blue Mussels (Mytilus edulis)","ShellFish","shellfish rafts, associated predator nets and spat collectors",13.6,8.83,-4.91
208,"PHOR211",43.81932,-70.1072,2011,2016,"American/Eastern Oyster (Crassostrea virginica)","ShellFish","Upweller",0.6,NA,-1.35
209,"PIER115",43.45556,-70.3414,2015,2017,"Sugar Kelp (Laminaria saccharina)","SeaVeg","Marine algae gear and moorings",12.93,6.63,-4.44
210,"PRAN116",43.80527,-69.8886,2016,2017,"American/Eastern Oyster (Crassostrea virginica)","ShellFish","shellfish tray racks and over wintering cages; soft bags, semi rigid bags, and/or float trays",14.21,9.09,-0.34
211,"PRAN216",43.80485,-69.8873,2016,2016,"American/Eastern Oyster (Crassostrea virginica)","ShellFish","shellfish tray racks and over wintering cages; soft bags, semi rigid bags, and/or float trays",12.15,13.8,-1.67
212,"PSMI114",43.98242,-69.5645,2014,2017,"American/Eastern Oyster (Crassostrea virginica);Bay Scallop (Aequipecten irradians);Sea Scallop (Placopecten magellanicus);Sugar Kelp (Laminaria saccharina)","ShellFish, SeaVeg","Shellfish cages, soft mesh bags, and algae ropes",13.29,7.39,-3.97
213,"PSMI214",43.98161,-69.5636,2014,2017,"American/Eastern Oyster (Crassostrea virginica);Bay Scallop (Aequipecten irradians);Sea Scallop (Placopecten magellanicus);Sugar Kelp (Laminaria saccharina)","ShellFish, SeaVeg","Shellfish cages, soft mesh bags, and algae ropes",13.32,7.29,-4.26
214,"PSMI314",43.98164,-69.5649,2014,2017,"American/Eastern Oyster (Crassostrea virginica);Bay Scallop (Aequipecten irradians);Sea Scallop (Placopecten magellanicus);Sugar Kelp (Laminaria saccharina)","ShellFish, SeaVeg","Shellfish cages, soft mesh bags, and algae ropes",13.28,7.33,-4.31
215,"PSMI414",44.03269,-69.534,2014,2017,"American/Eastern Oyster (Crassostrea virginica)","ShellFish","Upweller",8.84,9.6,-1.55
216,"PSTO1016",43.73432,-70.1618,2016,2016,"Blue Mussels (Mytilus edulis)","ShellFish","shellfish spat collectors and long line collectors",15.37,8.9,-12.33
217,"PSTO514",43.84372,-69.8834,2014,2017,"Blue Mussels (Mytilus edulis);European Oyster (Ostrea edulis);Sea Scallop (Placopecten magellanicus)","ShellFish","Shellfish raft, spat collectors/dropper lines, tray racks, bags and trays, lantern nets",12.25,6.59,-11.06
218,"PSTO615",43.73771,-70.1693,2015,2015,"Blue Mussels (Mytilus edulis);European Oyster (Ostrea edulis);Sea Scallop (Placopecten magellanicus)","ShellFish","Shellfish rafts, associated predator nets and spat collectors, tray racks, soft mesh bags and moorings.",12.75,5.66,-14.24
219,"PSTO715",43.73701,-70.1696,2015,2015,"Blue Mussels (Mytilus edulis);European Oyster (Ostrea edulis);Sea Scallop (Placopecten magellanicus)","ShellFish","Shellfish rafts, associated predator nets and spat collectors, tray racks, soft mesh bags and moorings.",12.7,5.56,-14.27
220,"PSTO816",43.73322,-70.1627,2016,2016,"Blue Mussels (Mytilus edulis)","ShellFish","shellfish spat collectors and long line collectors",15.43,8.8,-11.67
221,"PSTO916",43.73375,-70.1624,2016,2016,"Blue Mussels (Mytilus edulis)","ShellFish","shellfish spat collectors and long line collectors",15.43,8.86,-11.67
222,"REGO214",44.40258,-68.7026,2014,2017,"American/Eastern Oyster (Crassostrea virginica);European Oyster (Ostrea edulis)","ShellFish","Soft mesh bags, free planting on bottom, and bottom antipredator netting",24.67,NA,NA
223,"REY08",44.44288,-68.7244,2008,2017,"American/Eastern Oyster (Crassostrea virginica)","ShellFish","Floating trays & overwintering cages",20.25,NA,-0.1
224,"ROGE115",43.79481,-69.953,2015,2016,"American/Eastern Oyster (Crassostrea virginica)","ShellFish","Shellfish tray racks, soft bags, and moorings",13.06,7.48,-3.02
225,"ROGE215",43.79495,-69.953,2015,2016,"American/Eastern Oyster (Crassostrea virginica)","ShellFish","Shellfish tray racks, soft bags, and moorings",13.06,7.48,-3.02
226,"ROGE315",43.79522,-69.9529,2015,2016,"American/Eastern Oyster (Crassostrea virginica)","ShellFish","Shellfish tray racks, soft bags, and moorings",13.01,7.39,-2.6
227,"ROGE415",43.79556,-69.9529,2015,2016,"American/Eastern Oyster (Crassostrea virginica)","ShellFish","Shellfish tray racks, soft bags, and moorings",12.98,7.24,-2.6
228,"RSMI116",44.44872,-68.3459,2016,2017,"Blue Mussels (Mytilus edulis)","ShellFish","collecting mussel seed on ropes",18.16,NA,-1.36
229,"RSMI216",44.449,-68.3459,2016,2017,"Blue Mussels (Mytilus edulis)","ShellFish","collecting mussel seed on ropes",18.28,NA,-1.38
230,"RSMI316",44.44925,-68.3458,2016,2017,"Blue Mussels (Mytilus edulis)","ShellFish","collecting mussel seed on ropes",18.4,NA,-1.37
231,"RSMI416",44.44953,-68.3457,2016,2017,"Blue Mussels (Mytilus edulis)","ShellFish","collecting mussel seed on ropes",18.52,NA,-1.38
232,"RVAC116",43.87619,-69.8913,2016,2017,"American/Eastern Oyster (Crassostrea virginica)","ShellFish","shellfish tray racks and over wintering cages; soft bags, semi rigid bags, and/or floating trays",12.87,10.87,-1.46
233,"RVAC216",43.87266,-69.8925,2016,2017,"American/Eastern Oyster (Crassostrea virginica)","ShellFish","shellfish tray racks and over wintering cages; soft bags, semi rigid bags, and/or floating trays",13.82,9.44,-0.91
234,"RVAC316",43.87619,-69.8911,2016,2017,"American/Eastern Oyster (Crassostrea virginica)","ShellFish","shellfish tray racks and over wintering cages; soft bags, semi rigid bags, and/or floating trays",12.87,10.87,-1.98
235,"RVAC416",43.87619,-69.8912,2016,2017,"American/Eastern Oyster (Crassostrea virginica)","ShellFish","shellfish tray racks and over wintering cages; soft bags, semi rigid bags, and/or floating trays",12.87,10.87,-1.81
236,"SBEL116",43.84583,-69.6292,2016,2017,"Alaria Kelp (Alaria esculenta);C. crispus;Green Sea Urchin (S. droebachiensis);Horsetail Kelp (Laminaria digitata);Sugar Kelp (Laminaria saccharina)","SeaVeg, Urchin","lantern nets and/or pearl nets; marine algae",15.21,6.81,-7.2
237,"SCAN116",43.81661,-69.908,2016,2017,"American/Eastern Oyster (Crassostrea virginica)","ShellFish","shellfish tray racks and over wintering cages, soft bags, semi rigid bags, and/or floating trays",10.63,10.88,-1.86
238,"SEW210",43.7351,-69.8479,2010,2017,"American/Eastern Oyster (Crassostrea virginica);European Oyster (Ostrea edulis)","ShellFish","OysterGro cages, floating trays",14.44,7.08,NA
239,"SEW413",43.72715,-69.8495,2013,2017,"American/Eastern Oyster (Crassostrea virginica);European Oyster (Ostrea edulis)","ShellFish","Oyster cages and bags",15.83,7.56,-0.52
240,"SEW515",43.73721,-69.8461,2015,2017,"American/Eastern Oyster (Crassostrea virginica);European Oyster (Ostrea edulis)","ShellFish","Tray racks, soft mesh bags, and moorings.",12.85,8.17,NA
241,"SHAW114",43.90967,-69.5674,2014,2017,"Blue Mussels (Mytilus edulis)","ShellFish","Shellfish raft",12.51,6.49,-13.16
242,"SHAW214",43.90967,-69.5675,2014,2017,"Blue Mussels (Mytilus edulis);Sea Scallop (Placopecten magellanicus);Sugar Kelp (Laminaria saccharina)","ShellFish, SeaVeg","Shellfish raft",12.51,6.49,-13.81
243,"SIM204",44.03271,-69.534,2004,2015,"American/Eastern Oyster (Crassostrea virginica);Hard Clam/Quahog (Mercenaria mercenaria)","ShellFish","Upwellers (2)",10.88,9.75,-1.53
244,"SIM312",43.91042,-69.8697,2012,2017,"American/Eastern Oyster (Crassostrea virginica)","ShellFish","Upwellers (2)",0.62,2.08,-0.74
245,"SIM412",43.91036,-69.8697,2012,2017,"American/Eastern Oyster (Crassostrea virginica)","ShellFish","Upwellers (2)",0.62,2.08,-0.74
246,"SMIT116",44.25309,-68.25622,2016,2017,"American/Eastern Oyster (Crassostrea virginica)","ShellFish","shellfish tray racks and over wintering cages, soft bags, semi rigid bags, and/or floating trays",16.24,NA,-0.16
247,"STEV108",43.78512,-70.1089,2008,2015,"American/Eastern Oyster (Crassostrea virginica)","ShellFish","ADPI bags",14.47,6.76,-0.28
248,"STEV208",43.78512,-70.1093,2008,2015,"American/Eastern Oyster (Crassostrea virginica)","ShellFish","ADPI bags",14.44,6.72,-0.34
249,"STEV308",43.79422,-70.1404,2008,2015,"American/Eastern Oyster (Crassostrea virginica)","ShellFish","ADPI bags",14.15,7.45,-1.56
250,"STEV409",44.02598,-69.6144,2009,2015,"American/Eastern Oyster (Crassostrea virginica)","ShellFish","ADPI bags and soft bags (85)",16.45,8.5,-0.1
251,"STOL114",43.8321,-69.7362,2014,2017,"American/Eastern Oyster (Crassostrea virginica)","ShellFish","Shellfish Bags",12.86,6.9,-0.77
252,"STOL216",43.83173,-69.737,2016,2017,"American/Eastern Oyster (Crassostrea virginica)","ShellFish","Shellfish tray racks and overwintering cages; Softbags,semi rigid bags,and/or floating trays",14.34,7.27,-1.15
253,"SWEN114",44.02576,-69.5411,2014,2017,"American/Eastern Oyster (Crassostrea virginica)","ShellFish","Soft Mesh Bags",14.13,8.44,-0.33
254,"SWEN214",44.02577,-69.5411,2014,2017,"American/Eastern Oyster (Crassostrea virginica)","ShellFish","Soft Mesh Bags",14.13,8.44,-0.33
255,"SYEN115",43.8575,-69.6639,2015,2015,"American/Eastern Oyster (Crassostrea virginica)","ShellFish","Shellfish Tray Racks, Soft Mesh Bags, and Moorings",7.25,4.7,-2.06
256,"TATH214",44.35695,-68.3074,2014,2014,"Hard Clam/Quahog (Mercenaria mercenaria)","ShellFish","Upweller",7.44,6.45,-5.67
257,"THAR114",43.4731,-70.3653,2014,2016,"Sugar Kelp (Laminaria saccharina)","SeaVeg","Marine algae gear",11.87,6.29,-9.72
258,"TJAG116",43.77806,-70.0981,2016,2017,"Alaria Kelp (Alaria esculenta);Horsetail Kelp (Laminaria digitata);Sugar Kelp (Laminaria saccharina)","SeaVeg","marine algae gear",13.17,8.8,-6.18
259,"TJAG216",43.77889,-70.0975,2016,2017,"Alaria Kelp (Alaria esculenta);Horsetail Kelp (Laminaria digitata);Sugar Kelp (Laminaria saccharina)","SeaVeg","marine algae gear",13.33,8.92,-6.15
260,"TJAG316",43.78083,-70.0944,2016,2017,"Alaria Kelp (Alaria esculenta);Horsetail Kelp (Laminaria digitata);Sugar Kelp (Laminaria saccharina)","SeaVeg","marine algae gear",13.63,9.1,-5.52
261,"TJAG416",43.78139,-70.0933,2016,2017,"Alaria Kelp (Alaria esculenta);Horsetail Kelp (Laminaria digitata);Sugar Kelp (Laminaria saccharina)","SeaVeg","marine algae gear",13.39,9.07,-6.42
262,"TOLS116",43.70418,-70.2089,2016,2017,"Alaria Kelp (Alaria esculenta);Dulse (P. palmata);Fucus;Sugar Kelp (Laminaria saccharina)","SeaVeg","marine algae gear",13.25,8.57,-6.89
263,"TOLS216",43.70411667,-70.20751667,2016,2017,"Alaria Kelp (Alaria esculenta);Dulse (P. palmata);Fucus;Sugar Kelp (Laminaria saccharina)","SeaVeg","marine algae gear",13.3,8.64,-7.15
264,"TOLS316",43.70476667,-70.18945,2016,2017,"Alaria Kelp (Alaria esculenta);Dulse (P. palmata);Fucus;Sugar Kelp (Laminaria saccharina)","SeaVeg","marine algae gear",10.88,7.91,-12.24
265,"TOLS416",43.70468333,-70.18945,2016,2017,"Alaria Kelp (Alaria esculenta);Dulse (P. palmata);Fucus;Sugar Kelp (Laminaria saccharina)","SeaVeg","marine algae gear",10.92,7.94,-12.25
266,"WHET114",43.71561,-70.1461,2014,2014,"American/Eastern Oyster (Crassostrea virginica)","ShellFish","Tray racks and soft mesh bags",10.64,6.26,-0.28
267,"WHIS112",43.71767,-70.1253,2012,2017,"American/Eastern Oyster (Crassostrea virginica)","ShellFish","Oyster cages (6)",12.49,7.21,-0.77
268,"WHIS213",43.7193,-70.1281,2013,2017,"American/Eastern Oyster (Crassostrea virginica)","ShellFish","Oyster cages and bags",14.8,6.52,-1.69
269,"WHIS314",43.71762,-70.1251,2014,2016,"American/Eastern Oyster (Crassostrea virginica)","ShellFish","Tray racks and soft mesh bags",10.31,6.18,-0.58
270,"WHIS416",43.71918,-70.1288,2016,2017,"American/Eastern Oyster (Crassostrea virginica)","ShellFish","shellfish tray racks and over wintering cages",14.52,10.36,-2.45
271,"YENT111",43.85713,-69.6642,2011,2017,"American/Eastern Oyster (Crassostrea virginica)","ShellFish","Floating trays",14.48,7.28,-2.08
272,"YENT214",43.86272,-69.672,2014,2017,"Blue Mussels (Mytilus edulis)","ShellFish","Longlines and dropper lines",11.47,5.58,-4.81
273,"YOU112",44.35583,-68.5671,2012,2017,"American/Eastern Oyster (Crassostrea virginica);Sea Scallop (Placopecten magellanicus)","ShellFish","Upweller (one upweller 20' x 32' on two LPA license sites, YOU112 and YOU212)",7.99,8.06,NA
274,"YOU212",44.35583,-68.5671,2012,2017,"American/Eastern Oyster (Crassostrea virginica);Sea Scallop (Placopecten magellanicus)","ShellFish","Upweller (one upweller 20' x 32' on two LPA license sites, YOU112 and YOU212)",7.99,8.06,NA
275,"YOU315",44.35423,-68.5688,2015,2017,"American/Eastern Oyster (Crassostrea virginica)","ShellFish","Shellfish tray racks and soft mesh bags",21.1,NA,NA
276,"YOU415",44.35367,-68.5698,2015,2017,"American/Eastern Oyster (Crassostrea virginica)","ShellFish","Shellfish tray racks and soft mesh bags",21.57,NA,-4.66
